GROUP,PACKAGE,CLASS,INSTRUCTION_MISSED,INSTRUCTION_COVERED,BRANCH_MISSED,BRANCH_COVERED,LINE_MISSED,LINE_COVERED,COMPLEXITY_MISSED,COMPLEXITY_COVERED,METHOD_MISSED,METHOD_COVERED
comp430Compiler,Tokenizer,LeftParenToken,2,8,0,0,1,3,1,3,1,3
comp430Compiler,Tokenizer,MultToken,2,8,0,0,1,3,1,3,1,3
comp430Compiler,Tokenizer,GreaterToken,2,8,0,0,1,3,1,3,1,3
comp430Compiler,Tokenizer,RightParenToken,2,8,0,0,1,3,1,3,1,3
comp430Compiler,Tokenizer,IfToken,2,8,0,0,1,3,1,3,1,3
comp430Compiler,Tokenizer,TheTokenizer.new HashMap() {...},0,178,0,0,0,27,0,1,0,1
comp430Compiler,Tokenizer,PoundToken,2,8,0,0,1,3,1,3,1,3
comp430Compiler,Tokenizer,EscapeToken,2,8,0,0,1,3,1,3,1,3
comp430Compiler,Tokenizer,PeriodToken,2,8,0,0,1,3,1,3,1,3
comp430Compiler,Tokenizer,DivToken,2,8,0,0,1,3,1,3,1,3
comp430Compiler,Tokenizer,ElseToken,2,8,0,0,1,3,1,3,1,3
comp430Compiler,Tokenizer,QuoteToken,2,8,0,0,1,3,1,3,1,3
comp430Compiler,Tokenizer,EqualsToken,2,8,0,0,1,3,1,3,1,3
comp430Compiler,Tokenizer,LeftCurlyToken,2,8,0,0,1,3,1,3,1,3
comp430Compiler,Tokenizer,SingleQToken,2,8,0,0,1,3,1,3,1,3
comp430Compiler,Tokenizer,CommaToken,2,8,0,0,1,3,1,3,1,3
comp430Compiler,Tokenizer,VariableToken,5,22,2,2,1,6,3,3,1,3
comp430Compiler,Tokenizer,LessToken,2,8,0,0,1,3,1,3,1,3
comp430Compiler,Tokenizer,LeftSquareToken,2,8,0,0,1,3,1,3,1,3
comp430Compiler,Tokenizer,PercentToken,2,8,0,0,1,3,1,3,1,3
comp430Compiler,Tokenizer,NotToken,2,8,0,0,1,3,1,3,1,3
comp430Compiler,Tokenizer,RightSquareToken,2,8,0,0,1,3,1,3,1,3
comp430Compiler,Tokenizer,SemiToken,2,8,0,0,1,3,1,3,1,3
comp430Compiler,Tokenizer,ColonToken,2,8,0,0,1,3,1,3,1,3
comp430Compiler,Tokenizer,RightCurlyToken,2,8,0,0,1,3,1,3,1,3
comp430Compiler,Tokenizer,TokenizerException,0,4,0,0,0,2,0,1,0,1
comp430Compiler,Tokenizer,MinusToken,2,8,0,0,1,3,1,3,1,3
comp430Compiler,Tokenizer,TheTokenizer,0,315,0,40,0,68,0,30,0,10
comp430Compiler,Tokenizer,NumberToken,4,22,2,2,1,5,3,3,1,3
comp430Compiler,Tokenizer,PlusToken,2,8,0,0,1,3,1,3,1,3
